<?xml version="1.0" encoding="UTF-8"?>
<project-private xmlns="http://www.netbeans.org/ns/project-private/1">
    <editor-bookmarks xmlns="http://www.netbeans.org/ns/editor-bookmarks/2" lastBookmarkId="0"/>
    <open-files xmlns="http://www.netbeans.org/ns/projectui-open-files/2">
        <group>
            <file>file:/C:/Users/Jenny%20Andrei%20Labasan/Desktop/PROJECT/STUDENT%20MANAGEMENT%20SYSTEM/src/student/management/system/EditSectionFrame.java</file>
            <file>file:/C:/Users/Jenny%20Andrei%20Labasan/Desktop/PROJECT/STUDENT%20MANAGEMENT%20SYSTEM/src/student/management/system/STUDENTMANAGEMENTSYSTEM.java</file>
        </group>
    </open-files>
</project-private>
